FromID,ToID,Relation_type,FromType,ToType
7399,30718,VEP,Gene,SNP
10095,30719,VEP,Gene,SNP
6005,30720,VEP,Gene,SNP
30721,30722,VEP,Gene,SNP
27911,30723,VEP,Gene,SNP
30724,30725,VEP,Gene,SNP
30721,30726,VEP,Gene,SNP
10232,30727,VEP,Gene,SNP
30721,30728,VEP,Gene,SNP
14198,30729,VEP,Gene,SNP
6237,30729,VEP,Gene,SNP
12481,30729,VEP,Gene,SNP
11923,30729,VEP,Gene,SNP
8003,30729,VEP,Gene,SNP
30721,30730,VEP,Gene,SNP
30721,30731,VEP,Gene,SNP
30721,30732,VEP,Gene,SNP
30733,30734,VEP,Gene,SNP
4710,30734,VEP,Gene,SNP
30735,30736,VEP,Gene,SNP
10425,30737,VEP,Gene,SNP
11201,30737,VEP,Gene,SNP
30738,30737,VEP,Gene,SNP
9402,30737,VEP,Gene,SNP
30721,30739,VEP,Gene,SNP
30721,30740,VEP,Gene,SNP
30721,30741,VEP,Gene,SNP
30742,30743,VEP,Gene,SNP
7532,30744,VEP,Gene,SNP
30745,30744,VEP,Gene,SNP
4816,30744,VEP,Gene,SNP
11828,30746,VEP,Gene,SNP
4709,30747,VEP,Gene,SNP
30721,30748,VEP,Gene,SNP
30721,30749,VEP,Gene,SNP
30721,30750,VEP,Gene,SNP
30721,30751,VEP,Gene,SNP
11202,30752,VEP,Gene,SNP
30721,30753,VEP,Gene,SNP
30721,30754,VEP,Gene,SNP
30755,30756,VEP,Gene,SNP
12096,30756,VEP,Gene,SNP
30721,30757,VEP,Gene,SNP
9013,30758,VEP,Gene,SNP
3915,30759,VEP,Gene,SNP
30760,30761,VEP,Gene,SNP
30762,30763,VEP,Gene,SNP
30721,18698,VEP,Gene,SNP
30764,30765,VEP,Gene,SNP
30721,30766,VEP,Gene,SNP
30767,30768,VEP,Gene,SNP
30769,30770,VEP,Gene,SNP
5551,21253,VEP,Gene,SNP
30721,30771,VEP,Gene,SNP
30767,30772,VEP,Gene,SNP
13917,30773,VEP,Gene,SNP
30721,30774,VEP,Gene,SNP
30721,30775,VEP,Gene,SNP
27264,30776,VEP,Gene,SNP
30721,30777,VEP,Gene,SNP
30721,30778,VEP,Gene,SNP
11456,30779,VEP,Gene,SNP
30780,30781,VEP,Gene,SNP
15065,30782,VEP,Gene,SNP
30783,16424,VEP,Gene,SNP
30784,30785,VEP,Gene,SNP
30721,30786,VEP,Gene,SNP
30721,30787,VEP,Gene,SNP
30721,30788,VEP,Gene,SNP
30789,30790,VEP,Gene,SNP
30791,30792,VEP,Gene,SNP
30793,30792,VEP,Gene,SNP
26055,30792,VEP,Gene,SNP
30794,30792,VEP,Gene,SNP
12273,30792,VEP,Gene,SNP
12192,30792,VEP,Gene,SNP
8533,30792,VEP,Gene,SNP
5284,30792,VEP,Gene,SNP
9893,30795,VEP,Gene,SNP
12555,30796,VEP,Gene,SNP
4568,30797,VEP,Gene,SNP
9084,30798,VEP,Gene,SNP
9809,30799,VEP,Gene,SNP
30800,30801,VEP,Gene,SNP
30721,30802,VEP,Gene,SNP
25648,30803,VEP,Gene,SNP
25966,30804,VEP,Gene,SNP
30805,30806,VEP,Gene,SNP
10465,30807,VEP,Gene,SNP
9427,30808,VEP,Gene,SNP
12551,30809,VEP,Gene,SNP
10002,30809,VEP,Gene,SNP
30810,30809,VEP,Gene,SNP
30811,30812,VEP,Gene,SNP
30813,30812,VEP,Gene,SNP
30814,30812,VEP,Gene,SNP
27187,30812,VEP,Gene,SNP
30815,30812,VEP,Gene,SNP
30816,30812,VEP,Gene,SNP
28063,30812,VEP,Gene,SNP
30817,30812,VEP,Gene,SNP
28061,30812,VEP,Gene,SNP
30818,30812,VEP,Gene,SNP
30819,30812,VEP,Gene,SNP
30820,30812,VEP,Gene,SNP
30821,30812,VEP,Gene,SNP
30822,30812,VEP,Gene,SNP
30823,30812,VEP,Gene,SNP
30824,30812,VEP,Gene,SNP
30825,30826,VEP,Gene,SNP
7089,30827,VEP,Gene,SNP
30721,30828,VEP,Gene,SNP
30767,30829,VEP,Gene,SNP
30721,30830,VEP,Gene,SNP
9820,30831,VEP,Gene,SNP
30721,30832,VEP,Gene,SNP
30735,23383,VEP,Gene,SNP
30735,30833,VEP,Gene,SNP
30721,30834,VEP,Gene,SNP
30721,30835,VEP,Gene,SNP
6047,30836,VEP,Gene,SNP
15399,30836,VEP,Gene,SNP
30721,30837,VEP,Gene,SNP
30721,30838,VEP,Gene,SNP
7443,30839,VEP,Gene,SNP
9667,30839,VEP,Gene,SNP
15194,30840,VEP,Gene,SNP
15452,30841,VEP,Gene,SNP
30721,30842,VEP,Gene,SNP
30721,30843,VEP,Gene,SNP
30721,30844,VEP,Gene,SNP
11527,30845,VEP,Gene,SNP
4828,16528,VEP,Gene,SNP
11835,30846,VEP,Gene,SNP
30847,16585,VEP,Gene,SNP
30848,16585,VEP,Gene,SNP
30721,30849,VEP,Gene,SNP
3956,30850,VEP,Gene,SNP
30721,30851,VEP,Gene,SNP
30721,30852,VEP,Gene,SNP
3341,30853,VEP,Gene,SNP
30854,30855,VEP,Gene,SNP
13312,18799,VEP,Gene,SNP
30856,18799,VEP,Gene,SNP
14719,18799,VEP,Gene,SNP
12992,18799,VEP,Gene,SNP
30857,18799,VEP,Gene,SNP
9109,18799,VEP,Gene,SNP
30858,18799,VEP,Gene,SNP
30859,18799,VEP,Gene,SNP
30860,18799,VEP,Gene,SNP
30861,18799,VEP,Gene,SNP
30862,18799,VEP,Gene,SNP
30863,18799,VEP,Gene,SNP
6579,18799,VEP,Gene,SNP
30864,18799,VEP,Gene,SNP
11969,18799,VEP,Gene,SNP
3777,18799,VEP,Gene,SNP
12515,18799,VEP,Gene,SNP
5571,18799,VEP,Gene,SNP
7443,18799,VEP,Gene,SNP
30865,18799,VEP,Gene,SNP
30866,18799,VEP,Gene,SNP
30867,18799,VEP,Gene,SNP
30868,18799,VEP,Gene,SNP
30869,18799,VEP,Gene,SNP
30870,18799,VEP,Gene,SNP
30871,30872,VEP,Gene,SNP
6057,30873,VEP,Gene,SNP
30874,30875,VEP,Gene,SNP
30721,30876,VEP,Gene,SNP
5349,30877,VEP,Gene,SNP
12202,30878,VEP,Gene,SNP
2496,30879,VEP,Gene,SNP
30721,30880,VEP,Gene,SNP
30721,30881,VEP,Gene,SNP
30721,30882,VEP,Gene,SNP
15308,18881,VEP,Gene,SNP
6054,18881,VEP,Gene,SNP
30721,30883,VEP,Gene,SNP
30884,30885,VEP,Gene,SNP
30721,30886,VEP,Gene,SNP
30887,30888,VEP,Gene,SNP
30889,30890,VEP,Gene,SNP
30721,30891,VEP,Gene,SNP
7103,18950,VEP,Gene,SNP
14902,30892,VEP,Gene,SNP
30721,30893,VEP,Gene,SNP
9160,30894,VEP,Gene,SNP
6238,30895,VEP,Gene,SNP
3109,30896,VEP,Gene,SNP
14508,30896,VEP,Gene,SNP
30721,30897,VEP,Gene,SNP
3976,30898,VEP,Gene,SNP
26218,30899,VEP,Gene,SNP
30735,30900,VEP,Gene,SNP
10297,30901,VEP,Gene,SNP
10054,22049,VEP,Gene,SNP
15829,30902,VEP,Gene,SNP
8156,30903,VEP,Gene,SNP
15870,30904,VEP,Gene,SNP
30721,30905,VEP,Gene,SNP
30735,30906,VEP,Gene,SNP
30721,30907,VEP,Gene,SNP
11270,30908,VEP,Gene,SNP
8710,30909,VEP,Gene,SNP
30910,30911,VEP,Gene,SNP
30912,30911,VEP,Gene,SNP
30721,30913,VEP,Gene,SNP
30767,30914,VEP,Gene,SNP
30721,30915,VEP,Gene,SNP
30721,30916,VEP,Gene,SNP
8006,30917,VEP,Gene,SNP
11122,30918,VEP,Gene,SNP
5074,30919,VEP,Gene,SNP
3658,30919,VEP,Gene,SNP
13092,30920,VEP,Gene,SNP
25871,30920,VEP,Gene,SNP
3108,30921,VEP,Gene,SNP
10054,30922,VEP,Gene,SNP
14355,30923,VEP,Gene,SNP
30721,30924,VEP,Gene,SNP
30925,30926,VEP,Gene,SNP
30927,30928,VEP,Gene,SNP
26038,30928,VEP,Gene,SNP
30721,30929,VEP,Gene,SNP
30735,30930,VEP,Gene,SNP
30721,30931,VEP,Gene,SNP
30627,21886,VEP,Gene,SNP
12483,30932,VEP,Gene,SNP
7001,30933,VEP,Gene,SNP
30721,30934,VEP,Gene,SNP
30935,30936,VEP,Gene,SNP
30937,30938,VEP,Gene,SNP
30939,30940,VEP,Gene,SNP
8708,30941,VEP,Gene,SNP
30721,30942,VEP,Gene,SNP
30721,30943,VEP,Gene,SNP
30721,30944,VEP,Gene,SNP
30721,30945,VEP,Gene,SNP
30721,30946,VEP,Gene,SNP
30947,30948,VEP,Gene,SNP
30949,30950,VEP,Gene,SNP
30951,30952,VEP,Gene,SNP
30721,30953,VEP,Gene,SNP
30721,30954,VEP,Gene,SNP
30955,30956,VEP,Gene,SNP
30721,30957,VEP,Gene,SNP
3666,30958,VEP,Gene,SNP
30721,30959,VEP,Gene,SNP
30767,30960,VEP,Gene,SNP
30721,17050,VEP,Gene,SNP
30721,19396,VEP,Gene,SNP
30961,30962,VEP,Gene,SNP
30963,30964,VEP,Gene,SNP
14018,30965,VEP,Gene,SNP
30721,30966,VEP,Gene,SNP
3143,30967,VEP,Gene,SNP
26684,30967,VEP,Gene,SNP
13194,30967,VEP,Gene,SNP
26822,30967,VEP,Gene,SNP
26823,30967,VEP,Gene,SNP
6500,30967,VEP,Gene,SNP
8748,30967,VEP,Gene,SNP
30968,30969,VEP,Gene,SNP
6589,30970,VEP,Gene,SNP
30721,30971,VEP,Gene,SNP
30767,30972,VEP,Gene,SNP
15686,30973,VEP,Gene,SNP
30767,30974,VEP,Gene,SNP
30721,30975,VEP,Gene,SNP
30721,30976,VEP,Gene,SNP
30721,30977,VEP,Gene,SNP
30767,30978,VEP,Gene,SNP
30979,30980,VEP,Gene,SNP
15453,30981,VEP,Gene,SNP
30982,30983,VEP,Gene,SNP
2804,30984,VEP,Gene,SNP
15685,30985,VEP,Gene,SNP
12879,30985,VEP,Gene,SNP
10312,30985,VEP,Gene,SNP
30986,30985,VEP,Gene,SNP
6367,30987,VEP,Gene,SNP
30721,30988,VEP,Gene,SNP
30721,30989,VEP,Gene,SNP
30990,30991,VEP,Gene,SNP
30721,30992,VEP,Gene,SNP
3147,30993,VEP,Gene,SNP
30735,30994,VEP,Gene,SNP
30995,30996,VEP,Gene,SNP
7316,30997,VEP,Gene,SNP
3389,30998,VEP,Gene,SNP
30721,30999,VEP,Gene,SNP
30721,31000,VEP,Gene,SNP
30721,31001,VEP,Gene,SNP
10098,31002,VEP,Gene,SNP
10707,31003,VEP,Gene,SNP
31004,31005,VEP,Gene,SNP
30721,31006,VEP,Gene,SNP
30721,31007,VEP,Gene,SNP
30721,31008,VEP,Gene,SNP
30735,31009,VEP,Gene,SNP
11405,31010,VEP,Gene,SNP
9191,31011,VEP,Gene,SNP
31012,31013,VEP,Gene,SNP
8788,31014,VEP,Gene,SNP
30721,31015,VEP,Gene,SNP
31016,31017,VEP,Gene,SNP
30721,31018,VEP,Gene,SNP
10889,31019,VEP,Gene,SNP
29411,31020,VEP,Gene,SNP
10335,31020,VEP,Gene,SNP
5096,31021,VEP,Gene,SNP
31022,31023,VEP,Gene,SNP
10810,31023,VEP,Gene,SNP
7320,31024,VEP,Gene,SNP
29103,17365,VEP,Gene,SNP
10128,17365,VEP,Gene,SNP
30721,31025,VEP,Gene,SNP
12058,31026,VEP,Gene,SNP
31027,31026,VEP,Gene,SNP
31028,31026,VEP,Gene,SNP
5904,31029,VEP,Gene,SNP
27996,31030,VEP,Gene,SNP
30721,31031,VEP,Gene,SNP
6740,31032,VEP,Gene,SNP
8335,31033,VEP,Gene,SNP
31034,31035,VEP,Gene,SNP
12588,31036,VEP,Gene,SNP
30721,17354,VEP,Gene,SNP
30721,31037,VEP,Gene,SNP
7016,31038,VEP,Gene,SNP
3945,31039,VEP,Gene,SNP
30721,31040,VEP,Gene,SNP
30767,31041,VEP,Gene,SNP
3413,31042,VEP,Gene,SNP
2580,31043,VEP,Gene,SNP
31044,31045,VEP,Gene,SNP
10804,31046,VEP,Gene,SNP
31047,31048,VEP,Gene,SNP
30721,31049,VEP,Gene,SNP
30721,31050,VEP,Gene,SNP
10653,31051,VEP,Gene,SNP
31052,31053,VEP,Gene,SNP
30721,31054,VEP,Gene,SNP
31055,31056,VEP,Gene,SNP
30721,31057,VEP,Gene,SNP
31058,31059,VEP,Gene,SNP
30767,31060,VEP,Gene,SNP
30721,31061,VEP,Gene,SNP
30721,31062,VEP,Gene,SNP
30721,31063,VEP,Gene,SNP
11306,31064,VEP,Gene,SNP
30721,31065,VEP,Gene,SNP
31066,31067,VEP,Gene,SNP
31068,31069,VEP,Gene,SNP
11056,31069,VEP,Gene,SNP
13473,31070,VEP,Gene,SNP
31071,31072,VEP,Gene,SNP
31073,31074,VEP,Gene,SNP
31075,31076,VEP,Gene,SNP
30721,31077,VEP,Gene,SNP
31078,31079,VEP,Gene,SNP
31080,31079,VEP,Gene,SNP
13715,31081,VEP,Gene,SNP
9246,31081,VEP,Gene,SNP
31082,31083,VEP,Gene,SNP
30721,31084,VEP,Gene,SNP
30721,31085,VEP,Gene,SNP
30721,31086,VEP,Gene,SNP
3181,31087,VEP,Gene,SNP
30767,31088,VEP,Gene,SNP
30721,31089,VEP,Gene,SNP
10564,31090,VEP,Gene,SNP
30721,31091,VEP,Gene,SNP
30721,31092,VEP,Gene,SNP
31093,31094,VEP,Gene,SNP
10140,31095,VEP,Gene,SNP
11733,31096,VEP,Gene,SNP
31097,31098,VEP,Gene,SNP
30721,31099,VEP,Gene,SNP
30721,31100,VEP,Gene,SNP
30735,31101,VEP,Gene,SNP
11306,31102,VEP,Gene,SNP
30721,31103,VEP,Gene,SNP
13293,31104,VEP,Gene,SNP
31105,31104,VEP,Gene,SNP
10141,31104,VEP,Gene,SNP
13053,31104,VEP,Gene,SNP
31106,31104,VEP,Gene,SNP
12218,31104,VEP,Gene,SNP
31107,31104,VEP,Gene,SNP
11595,31104,VEP,Gene,SNP
13292,31104,VEP,Gene,SNP
8838,31104,VEP,Gene,SNP
14260,31104,VEP,Gene,SNP
13054,31104,VEP,Gene,SNP
10652,31104,VEP,Gene,SNP
31108,31104,VEP,Gene,SNP
15006,31104,VEP,Gene,SNP
31109,31104,VEP,Gene,SNP
31110,31104,VEP,Gene,SNP
31111,31104,VEP,Gene,SNP
31112,31104,VEP,Gene,SNP
31113,31104,VEP,Gene,SNP
31114,31104,VEP,Gene,SNP
31115,31104,VEP,Gene,SNP
31116,31104,VEP,Gene,SNP
10142,31104,VEP,Gene,SNP
31117,31104,VEP,Gene,SNP
15507,31104,VEP,Gene,SNP
31118,31104,VEP,Gene,SNP
31119,31104,VEP,Gene,SNP
31120,31104,VEP,Gene,SNP
31121,31104,VEP,Gene,SNP
31122,31104,VEP,Gene,SNP
15082,31104,VEP,Gene,SNP
31123,31104,VEP,Gene,SNP
13062,31124,VEP,Gene,SNP
7352,31125,VEP,Gene,SNP
31126,31127,VEP,Gene,SNP
31128,31129,VEP,Gene,SNP
31130,31131,VEP,Gene,SNP
31132,31131,VEP,Gene,SNP
31133,31134,VEP,Gene,SNP
6109,31135,VEP,Gene,SNP
31136,31135,VEP,Gene,SNP
31137,31135,VEP,Gene,SNP
10917,31135,VEP,Gene,SNP
7499,31135,VEP,Gene,SNP
12354,31135,VEP,Gene,SNP
31138,31135,VEP,Gene,SNP
31139,31135,VEP,Gene,SNP
14560,31135,VEP,Gene,SNP
10377,31135,VEP,Gene,SNP
31140,31135,VEP,Gene,SNP
31141,31135,VEP,Gene,SNP
8207,31135,VEP,Gene,SNP
31142,31143,VEP,Gene,SNP
31144,31145,VEP,Gene,SNP
31146,31145,VEP,Gene,SNP
31147,31148,VEP,Gene,SNP
30721,31149,VEP,Gene,SNP
12076,31150,VEP,Gene,SNP
7045,31151,VEP,Gene,SNP
12078,31152,VEP,Gene,SNP
30721,31153,VEP,Gene,SNP
14949,31154,VEP,Gene,SNP
31155,31156,VEP,Gene,SNP
31157,31158,VEP,Gene,SNP
31159,31158,VEP,Gene,SNP
30721,31160,VEP,Gene,SNP
5662,31161,VEP,Gene,SNP
15724,31161,VEP,Gene,SNP
31162,31161,VEP,Gene,SNP
30767,31163,VEP,Gene,SNP
31164,31165,VEP,Gene,SNP
30721,31166,VEP,Gene,SNP
13875,31167,VEP,Gene,SNP
7046,31168,VEP,Gene,SNP
8901,31169,VEP,Gene,SNP
5115,31169,VEP,Gene,SNP
30721,31170,VEP,Gene,SNP
31171,31172,VEP,Gene,SNP
31173,31174,VEP,Gene,SNP
30721,31175,VEP,Gene,SNP
10164,31176,VEP,Gene,SNP
4672,31176,VEP,Gene,SNP
31177,31178,VEP,Gene,SNP
30721,31179,VEP,Gene,SNP
30721,31180,VEP,Gene,SNP
31181,31182,VEP,Gene,SNP
12076,31183,VEP,Gene,SNP
30721,31184,VEP,Gene,SNP
30721,31185,VEP,Gene,SNP
8065,31186,VEP,Gene,SNP
31187,31186,VEP,Gene,SNP
8888,31186,VEP,Gene,SNP
5452,31186,VEP,Gene,SNP
7692,31186,VEP,Gene,SNP
31188,31186,VEP,Gene,SNP
13907,31186,VEP,Gene,SNP
4376,31186,VEP,Gene,SNP
31189,31186,VEP,Gene,SNP
31190,31186,VEP,Gene,SNP
31191,31186,VEP,Gene,SNP
31192,31186,VEP,Gene,SNP
11146,31186,VEP,Gene,SNP
31193,31186,VEP,Gene,SNP
31194,31195,VEP,Gene,SNP
30721,31196,VEP,Gene,SNP
7365,31197,VEP,Gene,SNP
30767,31198,VEP,Gene,SNP
31199,31200,VEP,Gene,SNP
31201,31200,VEP,Gene,SNP
13693,31200,VEP,Gene,SNP
13692,31200,VEP,Gene,SNP
9609,31200,VEP,Gene,SNP
30735,31202,VEP,Gene,SNP
30721,31203,VEP,Gene,SNP
31204,31205,VEP,Gene,SNP
8962,31206,VEP,Gene,SNP
30721,31207,VEP,Gene,SNP
11943,31208,VEP,Gene,SNP
31209,31210,VEP,Gene,SNP
30721,31211,VEP,Gene,SNP
30721,31212,VEP,Gene,SNP
31213,31214,VEP,Gene,SNP
31215,31216,VEP,Gene,SNP
30721,31217,VEP,Gene,SNP
30735,31218,VEP,Gene,SNP
7054,31219,VEP,Gene,SNP
30721,31220,VEP,Gene,SNP
30721,31221,VEP,Gene,SNP
2669,31222,VEP,Gene,SNP
30721,20172,VEP,Gene,SNP
7165,31223,VEP,Gene,SNP
6900,31223,VEP,Gene,SNP
15473,31224,VEP,Gene,SNP
30721,18096,VEP,Gene,SNP
30721,31225,VEP,Gene,SNP
30767,31226,VEP,Gene,SNP
30721,31227,VEP,Gene,SNP
30735,31228,VEP,Gene,SNP
30735,31229,VEP,Gene,SNP
31230,31231,VEP,Gene,SNP
11874,31232,VEP,Gene,SNP
8942,31233,VEP,Gene,SNP
30721,31234,VEP,Gene,SNP
30721,31235,VEP,Gene,SNP
30721,31236,VEP,Gene,SNP
31237,20114,VEP,Gene,SNP
31238,31239,VEP,Gene,SNP
14616,31239,VEP,Gene,SNP
30721,31240,VEP,Gene,SNP
26392,17980,VEP,Gene,SNP
12083,31241,VEP,Gene,SNP
11154,31241,VEP,Gene,SNP
30721,31242,VEP,Gene,SNP
30721,31243,VEP,Gene,SNP
30721,31244,VEP,Gene,SNP
14210,31245,VEP,Gene,SNP
10397,31246,VEP,Gene,SNP
5493,31247,VEP,Gene,SNP
30721,31248,VEP,Gene,SNP
4203,31249,VEP,Gene,SNP
31250,31251,VEP,Gene,SNP
30721,31252,VEP,Gene,SNP
15857,31253,VEP,Gene,SNP
30721,31254,VEP,Gene,SNP
4694,31255,VEP,Gene,SNP
4926,31255,VEP,Gene,SNP
7737,31256,VEP,Gene,SNP
13371,31256,VEP,Gene,SNP
31257,31258,VEP,Gene,SNP
31259,31258,VEP,Gene,SNP
4540,31260,VEP,Gene,SNP
4539,31260,VEP,Gene,SNP
2908,31260,VEP,Gene,SNP
11016,31261,VEP,Gene,SNP
30721,31262,VEP,Gene,SNP
13071,31263,VEP,Gene,SNP
2930,31264,VEP,Gene,SNP
31265,31264,VEP,Gene,SNP
7885,31264,VEP,Gene,SNP
4701,31266,VEP,Gene,SNP
30721,31267,VEP,Gene,SNP
4694,20962,VEP,Gene,SNP
4926,20962,VEP,Gene,SNP
30721,31268,VEP,Gene,SNP
30721,31269,VEP,Gene,SNP
4209,31270,VEP,Gene,SNP
4075,31271,VEP,Gene,SNP
30721,31272,VEP,Gene,SNP
30721,31273,VEP,Gene,SNP
30721,31274,VEP,Gene,SNP
26231,31275,VEP,Gene,SNP
31276,31277,VEP,Gene,SNP
31278,31279,VEP,Gene,SNP
30721,31280,VEP,Gene,SNP
13167,31281,VEP,Gene,SNP
30735,31282,VEP,Gene,SNP
31283,31284,VEP,Gene,SNP
30721,31285,VEP,Gene,SNP
31286,31287,VEP,Gene,SNP
30721,31288,VEP,Gene,SNP
31289,31290,VEP,Gene,SNP
30721,31291,VEP,Gene,SNP
2688,31292,VEP,Gene,SNP
31293,31294,VEP,Gene,SNP
30586,31294,VEP,Gene,SNP
31295,31296,VEP,Gene,SNP
30735,31297,VEP,Gene,SNP
30721,31298,VEP,Gene,SNP
30721,31299,VEP,Gene,SNP
30721,31300,VEP,Gene,SNP
30721,31301,VEP,Gene,SNP
9034,31302,VEP,Gene,SNP
30721,31303,VEP,Gene,SNP
30721,31304,VEP,Gene,SNP
15099,31305,VEP,Gene,SNP
30721,31306,VEP,Gene,SNP
30721,31307,VEP,Gene,SNP
7759,31308,VEP,Gene,SNP
31309,31310,VEP,Gene,SNP
31311,31310,VEP,Gene,SNP
30735,31312,VEP,Gene,SNP
31313,31314,VEP,Gene,SNP
12096,31314,VEP,Gene,SNP
31315,31316,VEP,Gene,SNP
31317,31318,VEP,Gene,SNP
4425,31319,VEP,Gene,SNP
14041,31320,VEP,Gene,SNP
30767,31321,VEP,Gene,SNP
30721,31322,VEP,Gene,SNP
31323,23121,VEP,Gene,SNP
15730,31324,VEP,Gene,SNP
30735,31325,VEP,Gene,SNP
31326,31327,VEP,Gene,SNP
31309,31328,VEP,Gene,SNP
31311,31328,VEP,Gene,SNP
31329,31330,VEP,Gene,SNP
8112,31331,VEP,Gene,SNP
13212,31332,VEP,Gene,SNP
15156,31332,VEP,Gene,SNP
30721,31333,VEP,Gene,SNP
30721,31334,VEP,Gene,SNP
8109,31335,VEP,Gene,SNP
30721,31336,VEP,Gene,SNP
8800,31337,VEP,Gene,SNP
31338,31337,VEP,Gene,SNP
30721,31339,VEP,Gene,SNP
9013,31340,VEP,Gene,SNP
14775,31340,VEP,Gene,SNP
4710,31341,VEP,Gene,SNP
14775,31342,VEP,Gene,SNP
12849,31343,VEP,Gene,SNP
30721,31344,VEP,Gene,SNP
31345,31346,VEP,Gene,SNP
30721,31347,VEP,Gene,SNP
31348,16117,VEP,Gene,SNP
31338,31349,VEP,Gene,SNP
30721,31350,VEP,Gene,SNP
9012,31351,VEP,Gene,SNP
30721,31352,VEP,Gene,SNP
30735,31353,VEP,Gene,SNP
30721,31354,VEP,Gene,SNP
31355,31356,VEP,Gene,SNP
25567,31357,VEP,Gene,SNP
30721,31358,VEP,Gene,SNP
30721,31359,VEP,Gene,SNP
30721,31360,VEP,Gene,SNP
15304,31361,VEP,Gene,SNP
30721,31362,VEP,Gene,SNP
15553,31363,VEP,Gene,SNP
30721,31364,VEP,Gene,SNP
3335,31365,VEP,Gene,SNP
30721,31366,VEP,Gene,SNP
30721,31367,VEP,Gene,SNP
31368,31369,VEP,Gene,SNP
13217,31369,VEP,Gene,SNP
30721,31370,VEP,Gene,SNP
4113,31371,VEP,Gene,SNP
31372,31373,VEP,Gene,SNP
30721,31374,VEP,Gene,SNP
30721,31375,VEP,Gene,SNP
30721,31376,VEP,Gene,SNP
30721,31377,VEP,Gene,SNP
30721,31378,VEP,Gene,SNP
30721,31379,VEP,Gene,SNP
30721,31380,VEP,Gene,SNP
8134,31381,VEP,Gene,SNP
25626,31382,VEP,Gene,SNP
30721,31383,VEP,Gene,SNP
30735,31384,VEP,Gene,SNP
30721,31385,VEP,Gene,SNP
30767,31386,VEP,Gene,SNP
30721,31387,VEP,Gene,SNP
2745,31388,VEP,Gene,SNP
30721,31389,VEP,Gene,SNP
30721,31390,VEP,Gene,SNP
30721,31391,VEP,Gene,SNP
14042,31392,VEP,Gene,SNP
30767,31393,VEP,Gene,SNP
31394,31395,VEP,Gene,SNP
8396,31395,VEP,Gene,SNP
31396,31397,VEP,Gene,SNP
31398,31399,VEP,Gene,SNP
6034,31399,VEP,Gene,SNP
3640,31400,VEP,Gene,SNP
14716,31400,VEP,Gene,SNP
31401,31402,VEP,Gene,SNP
25966,31402,VEP,Gene,SNP
30721,31403,VEP,Gene,SNP
31404,31405,VEP,Gene,SNP
13217,31405,VEP,Gene,SNP
31406,31407,VEP,Gene,SNP
3765,31408,VEP,Gene,SNP
31409,31410,VEP,Gene,SNP
30721,31411,VEP,Gene,SNP
30721,31412,VEP,Gene,SNP
31413,31414,VEP,Gene,SNP
30721,31415,VEP,Gene,SNP
25581,31416,VEP,Gene,SNP
30721,31417,VEP,Gene,SNP
14334,31418,VEP,Gene,SNP
30721,31419,VEP,Gene,SNP
30721,31420,VEP,Gene,SNP
9141,31421,VEP,Gene,SNP
30721,31422,VEP,Gene,SNP
31423,31424,VEP,Gene,SNP
11527,31425,VEP,Gene,SNP
28996,31425,VEP,Gene,SNP
25859,31426,VEP,Gene,SNP
31427,31428,VEP,Gene,SNP
4115,31429,VEP,Gene,SNP
11035,31430,VEP,Gene,SNP
30721,31431,VEP,Gene,SNP
31432,31433,VEP,Gene,SNP
31434,31435,VEP,Gene,SNP
30721,31436,VEP,Gene,SNP
30721,31437,VEP,Gene,SNP
10875,31438,VEP,Gene,SNP
30721,21261,VEP,Gene,SNP
11036,31439,VEP,Gene,SNP
13709,31439,VEP,Gene,SNP
31440,31441,VEP,Gene,SNP
6052,31442,VEP,Gene,SNP
30767,31443,VEP,Gene,SNP
9109,31444,VEP,Gene,SNP
31445,31444,VEP,Gene,SNP
30721,31446,VEP,Gene,SNP
30721,31447,VEP,Gene,SNP
6834,31448,VEP,Gene,SNP
7103,31449,VEP,Gene,SNP
4121,31450,VEP,Gene,SNP
11724,31451,VEP,Gene,SNP
30721,31452,VEP,Gene,SNP
8159,31453,VEP,Gene,SNP
30721,31454,VEP,Gene,SNP
8156,19039,VEP,Gene,SNP
7807,31455,VEP,Gene,SNP
7114,31456,VEP,Gene,SNP
31457,31458,VEP,Gene,SNP
30721,31459,VEP,Gene,SNP
2798,31460,VEP,Gene,SNP
12877,31460,VEP,Gene,SNP
8156,31461,VEP,Gene,SNP
31462,31461,VEP,Gene,SNP
30721,31463,VEP,Gene,SNP
4750,31464,VEP,Gene,SNP
31465,31464,VEP,Gene,SNP
12423,31466,VEP,Gene,SNP
30721,31467,VEP,Gene,SNP
31468,31469,VEP,Gene,SNP
10295,31470,VEP,Gene,SNP
31471,31472,VEP,Gene,SNP
30721,31473,VEP,Gene,SNP
10302,31474,VEP,Gene,SNP
31475,31476,VEP,Gene,SNP
9158,31477,VEP,Gene,SNP
30721,31478,VEP,Gene,SNP
8156,31479,VEP,Gene,SNP
30721,31480,VEP,Gene,SNP
30721,31481,VEP,Gene,SNP
7112,31482,VEP,Gene,SNP
9160,31482,VEP,Gene,SNP
31468,31483,VEP,Gene,SNP
31484,31485,VEP,Gene,SNP
31486,31485,VEP,Gene,SNP
30721,31487,VEP,Gene,SNP
31488,31489,VEP,Gene,SNP
9160,31490,VEP,Gene,SNP
30721,31491,VEP,Gene,SNP
9160,31492,VEP,Gene,SNP
30721,31493,VEP,Gene,SNP
30721,31494,VEP,Gene,SNP
13790,31495,VEP,Gene,SNP
30721,31496,VEP,Gene,SNP
30721,31497,VEP,Gene,SNP
7807,31498,VEP,Gene,SNP
30735,31499,VEP,Gene,SNP
30721,31500,VEP,Gene,SNP
30721,31501,VEP,Gene,SNP
30721,31502,VEP,Gene,SNP
7112,31503,VEP,Gene,SNP
30721,31504,VEP,Gene,SNP
30721,31505,VEP,Gene,SNP
30735,31506,VEP,Gene,SNP
30721,31507,VEP,Gene,SNP
30735,31508,VEP,Gene,SNP
30721,31509,VEP,Gene,SNP
30721,31510,VEP,Gene,SNP
31511,31512,VEP,Gene,SNP
30735,31513,VEP,Gene,SNP
30721,31514,VEP,Gene,SNP
3796,31515,VEP,Gene,SNP
31516,31517,VEP,Gene,SNP
30721,31518,VEP,Gene,SNP
30721,31519,VEP,Gene,SNP
31520,31521,VEP,Gene,SNP
30721,31522,VEP,Gene,SNP
31523,31524,VEP,Gene,SNP
10555,31525,VEP,Gene,SNP
13377,31526,VEP,Gene,SNP
30721,31527,VEP,Gene,SNP
30721,31528,VEP,Gene,SNP
7123,31529,VEP,Gene,SNP
30721,31530,VEP,Gene,SNP
6367,31531,VEP,Gene,SNP
30721,31532,VEP,Gene,SNP
6071,31533,VEP,Gene,SNP
5605,31534,VEP,Gene,SNP
30721,19327,VEP,Gene,SNP
30721,31535,VEP,Gene,SNP
31536,31537,VEP,Gene,SNP
31538,31537,VEP,Gene,SNP
30721,31539,VEP,Gene,SNP
30721,31540,VEP,Gene,SNP
12340,31541,VEP,Gene,SNP
30721,19230,VEP,Gene,SNP
31542,31543,VEP,Gene,SNP
31544,31545,VEP,Gene,SNP
31546,31547,VEP,Gene,SNP
30721,31548,VEP,Gene,SNP
11394,31549,VEP,Gene,SNP
30721,31550,VEP,Gene,SNP
15685,31551,VEP,Gene,SNP
30721,31552,VEP,Gene,SNP
12425,31553,VEP,Gene,SNP
30721,31554,VEP,Gene,SNP
8429,31555,VEP,Gene,SNP
15453,31556,VEP,Gene,SNP
31557,31558,VEP,Gene,SNP
13494,31559,VEP,Gene,SNP
30721,31560,VEP,Gene,SNP
31561,31562,VEP,Gene,SNP
10311,31562,VEP,Gene,SNP
31563,31562,VEP,Gene,SNP
31564,31562,VEP,Gene,SNP
31565,31562,VEP,Gene,SNP
30721,31566,VEP,Gene,SNP
31567,31568,VEP,Gene,SNP
31569,31570,VEP,Gene,SNP
9223,31571,VEP,Gene,SNP
6864,31571,VEP,Gene,SNP
30721,31572,VEP,Gene,SNP
30721,31573,VEP,Gene,SNP
30721,31574,VEP,Gene,SNP
31575,31576,VEP,Gene,SNP
10336,31576,VEP,Gene,SNP
30721,31577,VEP,Gene,SNP
6078,31578,VEP,Gene,SNP
30721,31579,VEP,Gene,SNP
30721,31580,VEP,Gene,SNP
12734,17320,VEP,Gene,SNP
30735,31581,VEP,Gene,SNP
31582,31583,VEP,Gene,SNP
3414,31583,VEP,Gene,SNP
31584,31583,VEP,Gene,SNP
31585,31583,VEP,Gene,SNP
31586,31583,VEP,Gene,SNP
31587,31583,VEP,Gene,SNP
31588,31583,VEP,Gene,SNP
31589,31583,VEP,Gene,SNP
3808,31583,VEP,Gene,SNP
31590,31591,VEP,Gene,SNP
28099,31592,VEP,Gene,SNP
30721,31593,VEP,Gene,SNP
30721,17370,VEP,Gene,SNP
31594,31595,VEP,Gene,SNP
6864,31596,VEP,Gene,SNP
31597,31598,VEP,Gene,SNP
30721,31599,VEP,Gene,SNP
30721,31600,VEP,Gene,SNP
11405,19455,VEP,Gene,SNP
7135,19455,VEP,Gene,SNP
15231,19455,VEP,Gene,SNP
31601,31602,VEP,Gene,SNP
30721,31603,VEP,Gene,SNP
31604,31605,VEP,Gene,SNP
2819,31605,VEP,Gene,SNP
28482,31605,VEP,Gene,SNP
5203,31606,VEP,Gene,SNP
31607,31606,VEP,Gene,SNP
29229,31608,VEP,Gene,SNP
11397,31609,VEP,Gene,SNP
31610,31609,VEP,Gene,SNP
31611,31609,VEP,Gene,SNP
31612,31609,VEP,Gene,SNP
9697,31609,VEP,Gene,SNP
8175,31613,VEP,Gene,SNP
2831,31614,VEP,Gene,SNP
31615,31616,VEP,Gene,SNP
7467,31616,VEP,Gene,SNP
31617,31616,VEP,Gene,SNP
31618,31616,VEP,Gene,SNP
8437,31619,VEP,Gene,SNP
3402,19611,VEP,Gene,SNP
31620,31621,VEP,Gene,SNP
8173,31621,VEP,Gene,SNP
31622,31623,VEP,Gene,SNP
15121,31624,VEP,Gene,SNP
30721,31625,VEP,Gene,SNP
30735,31626,VEP,Gene,SNP
30721,31627,VEP,Gene,SNP
30721,31628,VEP,Gene,SNP
30721,31629,VEP,Gene,SNP
30721,31630,VEP,Gene,SNP
30721,31631,VEP,Gene,SNP
4163,31632,VEP,Gene,SNP
30721,31633,VEP,Gene,SNP
26836,31634,VEP,Gene,SNP
7146,31634,VEP,Gene,SNP
31635,31636,VEP,Gene,SNP
31637,31636,VEP,Gene,SNP
30721,31638,VEP,Gene,SNP
12665,31639,VEP,Gene,SNP
11182,31639,VEP,Gene,SNP
30721,31640,VEP,Gene,SNP
31635,31641,VEP,Gene,SNP
9231,31642,VEP,Gene,SNP
30721,31643,VEP,Gene,SNP
12665,31644,VEP,Gene,SNP
30735,31645,VEP,Gene,SNP
30767,31646,VEP,Gene,SNP
9229,31647,VEP,Gene,SNP
31648,31649,VEP,Gene,SNP
31650,31649,VEP,Gene,SNP
31651,31649,VEP,Gene,SNP
31652,17664,VEP,Gene,SNP
14553,17664,VEP,Gene,SNP
2854,17664,VEP,Gene,SNP
31653,17664,VEP,Gene,SNP
15438,17664,VEP,Gene,SNP
31654,17664,VEP,Gene,SNP
31655,17664,VEP,Gene,SNP
13158,17664,VEP,Gene,SNP
12141,17664,VEP,Gene,SNP
13930,17664,VEP,Gene,SNP
31656,17664,VEP,Gene,SNP
11545,17664,VEP,Gene,SNP
3821,17664,VEP,Gene,SNP
31657,17664,VEP,Gene,SNP
31658,17664,VEP,Gene,SNP
12249,17664,VEP,Gene,SNP
31659,17664,VEP,Gene,SNP
9254,17664,VEP,Gene,SNP
31660,17664,VEP,Gene,SNP
5639,17664,VEP,Gene,SNP
11857,17664,VEP,Gene,SNP
9255,17664,VEP,Gene,SNP
15854,17664,VEP,Gene,SNP
31661,17664,VEP,Gene,SNP
13320,17664,VEP,Gene,SNP
3822,17664,VEP,Gene,SNP
9253,17664,VEP,Gene,SNP
31662,17664,VEP,Gene,SNP
25892,31663,VEP,Gene,SNP
30721,31664,VEP,Gene,SNP
30721,31665,VEP,Gene,SNP
31666,31667,VEP,Gene,SNP
30721,31668,VEP,Gene,SNP
3442,31669,VEP,Gene,SNP
30767,31670,VEP,Gene,SNP
12525,31671,VEP,Gene,SNP
30721,31672,VEP,Gene,SNP
3447,31673,VEP,Gene,SNP
31674,31675,VEP,Gene,SNP
12525,31675,VEP,Gene,SNP
31676,31675,VEP,Gene,SNP
31677,31675,VEP,Gene,SNP
8190,31678,VEP,Gene,SNP
30721,31679,VEP,Gene,SNP
30721,31680,VEP,Gene,SNP
31681,31682,VEP,Gene,SNP
2871,31683,VEP,Gene,SNP
31684,31685,VEP,Gene,SNP
9934,31686,VEP,Gene,SNP
14739,31686,VEP,Gene,SNP
31687,31688,VEP,Gene,SNP
31689,31690,VEP,Gene,SNP
30735,31691,VEP,Gene,SNP
31692,31693,VEP,Gene,SNP
30735,31694,VEP,Gene,SNP
31695,31696,VEP,Gene,SNP
31697,31698,VEP,Gene,SNP
31699,31700,VEP,Gene,SNP
14283,31701,VEP,Gene,SNP
11548,31702,VEP,Gene,SNP
6387,31703,VEP,Gene,SNP
4532,31704,VEP,Gene,SNP
7506,31704,VEP,Gene,SNP
5659,31704,VEP,Gene,SNP
30721,31705,VEP,Gene,SNP
31133,31706,VEP,Gene,SNP
14283,31707,VEP,Gene,SNP
30721,31708,VEP,Gene,SNP
13329,31709,VEP,Gene,SNP
30721,31710,VEP,Gene,SNP
12254,31711,VEP,Gene,SNP
8463,31712,VEP,Gene,SNP
31713,31714,VEP,Gene,SNP
30721,31715,VEP,Gene,SNP
4170,31716,VEP,Gene,SNP
8460,31717,VEP,Gene,SNP
9856,31704,VEP,Gene,SNP
3202,31704,VEP,Gene,SNP
11699,31704,VEP,Gene,SNP
14262,31704,VEP,Gene,SNP
13472,31704,VEP,Gene,SNP
14424,31704,VEP,Gene,SNP
5930,31704,VEP,Gene,SNP
31718,31704,VEP,Gene,SNP
31719,31704,VEP,Gene,SNP
5660,31720,VEP,Gene,SNP
31721,31720,VEP,Gene,SNP
5661,31722,VEP,Gene,SNP
31723,31724,VEP,Gene,SNP
15533,31725,VEP,Gene,SNP
31726,31725,VEP,Gene,SNP
31727,31725,VEP,Gene,SNP
4986,31728,VEP,Gene,SNP
31729,31730,VEP,Gene,SNP
30721,31731,VEP,Gene,SNP
30721,31732,VEP,Gene,SNP
30721,31733,VEP,Gene,SNP
14341,31734,VEP,Gene,SNP
9308,31735,VEP,Gene,SNP
30721,31736,VEP,Gene,SNP
7160,31737,VEP,Gene,SNP
30721,31738,VEP,Gene,SNP
31739,31740,VEP,Gene,SNP
3485,31741,VEP,Gene,SNP
30721,31742,VEP,Gene,SNP
7872,31743,VEP,Gene,SNP
30721,31744,VEP,Gene,SNP
30721,31745,VEP,Gene,SNP
30721,31746,VEP,Gene,SNP
6903,31747,VEP,Gene,SNP
30721,31748,VEP,Gene,SNP
30721,31749,VEP,Gene,SNP
30721,31750,VEP,Gene,SNP
30721,31751,VEP,Gene,SNP
11433,31752,VEP,Gene,SNP
9329,31753,VEP,Gene,SNP
30721,31754,VEP,Gene,SNP
30721,31755,VEP,Gene,SNP
30721,31756,VEP,Gene,SNP
30767,31757,VEP,Gene,SNP
30721,31758,VEP,Gene,SNP
30721,31759,VEP,Gene,SNP
30721,31760,VEP,Gene,SNP
31209,31761,VEP,Gene,SNP
31762,31763,VEP,Gene,SNP
30721,31764,VEP,Gene,SNP
30721,20178,VEP,Gene,SNP
30721,31765,VEP,Gene,SNP
31766,31767,VEP,Gene,SNP
30721,31768,VEP,Gene,SNP
30721,31769,VEP,Gene,SNP
30721,31770,VEP,Gene,SNP
26392,31771,VEP,Gene,SNP
30721,31772,VEP,Gene,SNP
4192,31773,VEP,Gene,SNP
31774,31775,VEP,Gene,SNP
4538,31775,VEP,Gene,SNP
31776,31777,VEP,Gene,SNP
3489,31778,VEP,Gene,SNP
30721,31779,VEP,Gene,SNP
6408,20150,VEP,Gene,SNP
30721,31780,VEP,Gene,SNP
30721,31781,VEP,Gene,SNP
30721,31782,VEP,Gene,SNP
30721,31783,VEP,Gene,SNP
30767,31784,VEP,Gene,SNP
31785,31786,VEP,Gene,SNP
30721,31787,VEP,Gene,SNP
30721,31788,VEP,Gene,SNP
30721,31789,VEP,Gene,SNP
5665,31790,VEP,Gene,SNP
7165,31790,VEP,Gene,SNP
31791,31790,VEP,Gene,SNP
30721,20031,VEP,Gene,SNP
31792,31793,VEP,Gene,SNP
30721,31794,VEP,Gene,SNP
30721,31795,VEP,Gene,SNP
31215,31796,VEP,Gene,SNP
30767,31797,VEP,Gene,SNP
30721,31798,VEP,Gene,SNP
31799,31800,VEP,Gene,SNP
30721,31801,VEP,Gene,SNP
30721,31802,VEP,Gene,SNP
30721,31803,VEP,Gene,SNP
5708,31804,VEP,Gene,SNP
30721,31805,VEP,Gene,SNP
30721,31806,VEP,Gene,SNP
31807,31808,VEP,Gene,SNP
31809,31808,VEP,Gene,SNP
30721,31810,VEP,Gene,SNP
30721,31811,VEP,Gene,SNP
31812,31813,VEP,Gene,SNP
9946,18261,VEP,Gene,SNP
31814,18261,VEP,Gene,SNP
31815,18261,VEP,Gene,SNP
31816,18261,VEP,Gene,SNP
31817,18261,VEP,Gene,SNP
4209,18261,VEP,Gene,SNP
31818,18261,VEP,Gene,SNP
4208,18261,VEP,Gene,SNP
31819,18261,VEP,Gene,SNP
31820,18261,VEP,Gene,SNP
6144,18261,VEP,Gene,SNP
5248,18261,VEP,Gene,SNP
7887,18261,VEP,Gene,SNP
11083,18261,VEP,Gene,SNP
31821,18261,VEP,Gene,SNP
31822,18261,VEP,Gene,SNP
31823,18261,VEP,Gene,SNP
5703,18261,VEP,Gene,SNP
6143,18261,VEP,Gene,SNP
31824,18261,VEP,Gene,SNP
5247,18261,VEP,Gene,SNP
13167,18261,VEP,Gene,SNP
31825,18261,VEP,Gene,SNP
12683,31826,VEP,Gene,SNP
8484,31827,VEP,Gene,SNP
31828,31827,VEP,Gene,SNP
5237,31829,VEP,Gene,SNP
30721,31830,VEP,Gene,SNP
30721,31831,VEP,Gene,SNP
10404,31832,VEP,Gene,SNP
13165,31833,VEP,Gene,SNP
12919,31834,VEP,Gene,SNP
31821,31835,VEP,Gene,SNP
9749,31836,VEP,Gene,SNP
30721,31837,VEP,Gene,SNP
30721,31838,VEP,Gene,SNP
11747,20336,VEP,Gene,SNP
31839,31840,VEP,Gene,SNP
26239,31841,VEP,Gene,SNP
31842,31843,VEP,Gene,SNP
31844,31843,VEP,Gene,SNP
13877,31845,VEP,Gene,SNP
31846,31847,VEP,Gene,SNP
25624,31848,VEP,Gene,SNP
14744,31848,VEP,Gene,SNP
31849,31850,VEP,Gene,SNP
31824,31851,VEP,Gene,SNP
31819,31851,VEP,Gene,SNP
31818,31851,VEP,Gene,SNP
13167,31851,VEP,Gene,SNP
4209,31851,VEP,Gene,SNP
9946,31851,VEP,Gene,SNP
31814,31851,VEP,Gene,SNP
31816,31851,VEP,Gene,SNP
31817,31851,VEP,Gene,SNP
31815,31851,VEP,Gene,SNP
7887,31851,VEP,Gene,SNP
25486,31852,VEP,Gene,SNP
30735,31853,VEP,Gene,SNP
30721,31854,VEP,Gene,SNP
12927,31855,VEP,Gene,SNP
30721,31856,VEP,Gene,SNP
4213,31857,VEP,Gene,SNP
30721,31858,VEP,Gene,SNP
6433,31859,VEP,Gene,SNP
30721,31860,VEP,Gene,SNP
31861,31862,VEP,Gene,SNP
30721,31863,VEP,Gene,SNP
9416,31864,VEP,Gene,SNP
26178,20584,VEP,Gene,SNP
31865,20584,VEP,Gene,SNP
30721,31866,VEP,Gene,SNP
31867,31868,VEP,Gene,SNP
30721,31869,VEP,Gene,SNP
30721,31870,VEP,Gene,SNP
30721,31871,VEP,Gene,SNP
2947,31872,VEP,Gene,SNP
11888,20478,VEP,Gene,SNP
31873,31874,VEP,Gene,SNP
30721,31875,VEP,Gene,SNP
30721,22968,VEP,Gene,SNP
26472,16093,VEP,Gene,SNP
31876,31877,VEP,Gene,SNP
30721,31878,VEP,Gene,SNP
30721,31879,VEP,Gene,SNP
30721,31880,VEP,Gene,SNP
30721,31881,VEP,Gene,SNP
30721,31882,VEP,Gene,SNP
30721,31883,VEP,Gene,SNP
5255,31884,VEP,Gene,SNP
31885,31886,VEP,Gene,SNP
30721,31887,VEP,Gene,SNP
30721,31888,VEP,Gene,SNP
15648,31889,VEP,Gene,SNP
30721,31890,VEP,Gene,SNP
30721,31891,VEP,Gene,SNP
30721,31892,VEP,Gene,SNP
12445,31893,VEP,Gene,SNP
30721,31894,VEP,Gene,SNP
31895,31896,VEP,Gene,SNP
30721,31897,VEP,Gene,SNP
31898,31899,VEP,Gene,SNP
31900,31901,VEP,Gene,SNP
30724,31902,VEP,Gene,SNP
30735,31903,VEP,Gene,SNP
30721,31904,VEP,Gene,SNP
30721,31905,VEP,Gene,SNP
30721,31906,VEP,Gene,SNP
30721,31907,VEP,Gene,SNP
12173,31908,VEP,Gene,SNP
31909,31910,VEP,Gene,SNP
30721,31911,VEP,Gene,SNP
30721,31912,VEP,Gene,SNP
31913,31914,VEP,Gene,SNP
31915,31916,VEP,Gene,SNP
30721,31917,VEP,Gene,SNP
30767,31918,VEP,Gene,SNP
30721,31919,VEP,Gene,SNP
30735,31920,VEP,Gene,SNP
9425,31921,VEP,Gene,SNP
30721,31922,VEP,Gene,SNP
31923,31924,VEP,Gene,SNP
30721,31925,VEP,Gene,SNP
30721,31926,VEP,Gene,SNP
30721,31927,VEP,Gene,SNP
31923,31928,VEP,Gene,SNP
5729,31929,VEP,Gene,SNP
31930,31931,VEP,Gene,SNP
30721,20634,VEP,Gene,SNP
30767,20636,VEP,Gene,SNP
30735,31932,VEP,Gene,SNP
30721,31933,VEP,Gene,SNP
15050,20700,VEP,Gene,SNP
8240,31934,VEP,Gene,SNP
30721,31935,VEP,Gene,SNP
30721,31936,VEP,Gene,SNP
30721,31937,VEP,Gene,SNP
30721,31938,VEP,Gene,SNP
31939,31940,VEP,Gene,SNP
11890,31941,VEP,Gene,SNP
30721,31942,VEP,Gene,SNP
31943,20722,VEP,Gene,SNP
30721,31944,VEP,Gene,SNP
30767,31945,VEP,Gene,SNP
31946,31947,VEP,Gene,SNP
30721,31948,VEP,Gene,SNP
30721,31949,VEP,Gene,SNP
31950,31951,VEP,Gene,SNP
30721,31952,VEP,Gene,SNP
31953,31954,VEP,Gene,SNP
30721,31955,VEP,Gene,SNP
9427,31956,VEP,Gene,SNP
30721,31957,VEP,Gene,SNP
4228,31958,VEP,Gene,SNP
31959,31958,VEP,Gene,SNP
31960,20700,VEP,Gene,SNP
30735,31961,VEP,Gene,SNP
31962,31963,VEP,Gene,SNP
9953,31963,VEP,Gene,SNP
30721,31964,VEP,Gene,SNP
30721,31965,VEP,Gene,SNP
31966,31967,VEP,Gene,SNP
31968,31967,VEP,Gene,SNP
30735,31969,VEP,Gene,SNP
6657,31970,VEP,Gene,SNP
14964,31971,VEP,Gene,SNP
7911,31972,VEP,Gene,SNP
31973,31974,VEP,Gene,SNP
30721,31975,VEP,Gene,SNP
6929,20935,VEP,Gene,SNP
30721,31976,VEP,Gene,SNP
30767,31977,VEP,Gene,SNP
30767,31978,VEP,Gene,SNP
30721,31979,VEP,Gene,SNP
31980,31981,VEP,Gene,SNP
31982,31983,VEP,Gene,SNP
14380,31984,VEP,Gene,SNP
30721,31985,VEP,Gene,SNP
8246,31986,VEP,Gene,SNP
31987,31988,VEP,Gene,SNP
30721,31989,VEP,Gene,SNP
31990,31991,VEP,Gene,SNP
31992,31993,VEP,Gene,SNP
30767,31994,VEP,Gene,SNP
30721,31995,VEP,Gene,SNP
13394,31996,VEP,Gene,SNP
4828,31997,VEP,Gene,SNP
30721,31998,VEP,Gene,SNP
30721,31999,VEP,Gene,SNP
30721,32000,VEP,Gene,SNP
30721,32001,VEP,Gene,SNP
9442,20767,VEP,Gene,SNP
30721,32002,VEP,Gene,SNP
30721,32003,VEP,Gene,SNP
30721,32004,VEP,Gene,SNP
5733,32005,VEP,Gene,SNP
32006,32005,VEP,Gene,SNP
32007,32005,VEP,Gene,SNP
32008,32005,VEP,Gene,SNP
30721,32009,VEP,Gene,SNP
30721,32010,VEP,Gene,SNP
30721,32011,VEP,Gene,SNP
30721,32012,VEP,Gene,SNP
30721,32013,VEP,Gene,SNP
25504,32014,VEP,Gene,SNP
32015,32014,VEP,Gene,SNP
10444,32014,VEP,Gene,SNP
6182,32014,VEP,Gene,SNP
25504,32016,VEP,Gene,SNP
30735,20962,VEP,Gene,SNP
30735,18217,VEP,Gene,SNP
30721,20962,VEP,Gene,SNP
32017,18217,VEP,Gene,SNP
4694,18217,VEP,Gene,SNP
4926,18217,VEP,Gene,SNP
32018,20962,VEP,Gene,SNP
11016,20967,VEP,Gene,SNP
11016,20962,VEP,Gene,SNP
11016,18217,VEP,Gene,SNP
32019,18217,VEP,Gene,SNP
32020,20967,VEP,Gene,SNP
